;data_aplicacao_vacina;TOTAL_DOSES;1DOSE;2DOSE;DOSE_UNI;DOSE_ADC;PFIZER;ASTRAZENECA_FIOCRUZ;SINOVAC_BUTANTAN;JANSSEN;FEMININO;MASCULINO;BRANCA;PRETA;PARDA;AMARELA;SEM INFORMACAO;menos 19 anos;20 a 39 anos;40 a 59 anos;60 a 79 anos;mais 80 anos
0;1993-11-08;1;1;0;0;0;1;0;0;0;0;1;1;0;0;0;0;1;0;0;0;0
1;2021-01-17;1;1;0;0;0;0;0;1;0;0;1;0;1;0;0;0;0;1;0;0;0
2;2021-01-18;5;4;1;0;0;0;0;5;0;4;1;2;0;0;0;3;0;4;1;0;0
3;2021-01-19;329;329;0;0;0;0;0;329;0;204;125;227;14;11;4;73;1;164;103;41;20
4;2021-01-20;1029;1029;0;0;0;1;0;1028;0;695;334;645;42;29;21;291;3;593;382;44;7
5;2021-01-21;960;960;0;0;0;0;0;960;0;635;325;599;34;37;14;275;5;406;351;89;109
6;2021-01-22;634;634;0;0;0;0;0;634;0;407;227;377;19;23;17;198;2;255;214;82;81
7;2021-01-23;233;233;0;0;0;0;0;233;0;185;48;144;12;9;7;61;3;57;38;57;78
8;2021-01-24;50;50;0;0;0;0;0;50;0;32;18;35;3;0;2;10;1;14;14;14;7
9;2021-01-25;196;195;1;0;0;0;4;192;0;120;76;113;6;3;1;72;1;100;63;20;12
10;2021-01-26;288;288;0;0;0;0;6;282;0;187;101;163;8;12;5;100;0;152;107;19;10
11;2021-01-27;223;223;0;0;0;0;45;178;0;156;67;125;3;10;7;77;0;110;76;21;16
12;2021-01-28;658;657;1;0;0;0;344;314;0;445;213;404;23;22;15;193;3;331;251;37;36
13;2021-01-29;698;697;1;0;0;0;498;200;0;501;197;420;22;22;27;207;2;295;266;69;66
14;2021-01-30;22;22;0;0;0;0;7;15;0;14;8;10;0;0;1;11;0;19;2;1;0
15;2021-01-31;6;6;0;0;0;0;4;2;0;5;1;2;1;0;1;2;0;3;2;1;0
16;2021-02-01;1090;1090;0;0;0;0;1035;55;0;836;254;798;61;42;17;170;4;480;527;48;31
17;2021-02-02;273;270;3;0;0;0;208;65;0;155;118;144;7;4;9;107;0;129;113;20;11
18;2021-02-03;614;610;4;0;0;0;368;246;0;463;151;366;22;21;15;189;4;289;265;36;20
19;2021-02-04;509;508;1;0;0;0;286;223;0;377;132;300;26;21;16;144;5;256;213;29;6
20;2021-02-05;450;441;9;0;0;0;274;176;0;331;119;273;23;21;6;127;4;186;206;39;15
21;2021-02-06;38;38;0;0;0;0;21;17;0;29;9;23;0;0;1;14;0;21;12;3;2
22;2021-02-07;10;10;0;0;0;0;6;4;0;6;4;8;0;0;0;2;0;4;3;2;1
23;2021-02-08;179;166;13;0;0;0;66;113;0;117;62;98;7;7;2;65;2;89;60;15;13
24;2021-02-09;226;220;6;0;0;0;89;137;0;156;70;130;11;9;6;70;1;103;86;16;20
25;2021-02-10;894;497;397;0;0;0;44;850;0;628;266;536;27;25;14;292;6;314;293;38;243
26;2021-02-11;1688;766;922;0;0;1;30;1657;0;1175;513;1064;61;49;25;488;6;564;476;112;530
27;2021-02-12;1204;747;457;0;0;0;46;1158;0;844;360;763;30;21;19;370;0;317;232;65;590
28;2021-02-13;525;509;15;0;1;0;5;520;0;358;167;361;8;13;6;137;1;147;83;19;275
29;2021-02-14;19;9;10;0;0;0;3;16;0;12;7;10;1;0;1;7;0;8;7;1;3
30;2021-02-15;482;244;238;0;0;0;90;392;0;320;162;268;11;17;8;178;1;223;98;43;117
31;2021-02-16;443;199;244;0;0;0;94;349;0;317;126;266;16;8;11;142;1;174;119;34;115
32;2021-02-17;1435;931;504;0;0;0;45;1390;0;1019;416;842;31;32;26;503;0;613;532;131;159
33;2021-02-18;1100;710;390;0;0;0;61;1039;0;765;335;638;23;32;17;390;3;502;409;99;87
34;2021-02-19;496;236;260;0;0;0;78;418;0;310;186;293;12;14;11;166;1;226;166;23;80
35;2021-02-20;31;18;13;0;0;0;2;29;0;19;12;24;0;0;2;5;0;11;2;6;12
36;2021-02-21;1;1;0;0;0;0;0;1;0;0;1;1;0;0;0;0;0;0;0;1;0
37;2021-02-22;248;78;170;0;0;0;19;229;0;155;93;154;4;9;5;75;0;129;78;21;20
38;2021-02-23;149;68;81;0;0;0;18;131;0;94;55;83;2;6;2;56;0;79;39;12;19
39;2021-02-24;360;64;296;0;0;0;17;343;0;239;121;220;13;14;4;108;2;189;128;25;16
40;2021-02-25;292;88;204;0;0;0;20;272;0;199;93;161;8;8;8;105;3;126;92;19;52
41;2021-02-26;2709;2580;129;0;0;0;73;2636;0;1764;945;1674;57;29;13;936;4;213;229;42;2221
42;2021-02-27;1926;1904;22;0;0;0;101;1825;0;1291;635;1148;41;28;23;684;2;69;44;17;1794
43;2021-02-28;36;33;3;0;0;0;21;15;0;24;12;18;0;0;0;18;0;0;3;0;33
44;2021-03-01;278;221;57;0;0;0;100;178;0;167;111;158;8;8;2;101;1;68;58;52;99
45;2021-03-02;537;426;111;0;0;0;108;429;0;318;219;287;15;12;9;212;1;102;81;220;133
46;2021-03-03;638;460;178;0;0;0;137;501;0;420;218;376;22;17;8;215;0;136;86;148;268
47;2021-03-04;950;450;500;0;0;0;104;846;0;646;304;582;21;17;12;317;3;216;191;118;422
48;2021-03-05;4734;4170;564;0;0;0;70;4664;0;2987;1747;2896;99;52;36;1651;1;167;158;147;4261
49;2021-03-06;3678;3391;287;0;0;0;12;3666;0;2214;1464;2241;55;51;33;1297;3;180;120;109;3266
50;2021-03-07;13;12;1;0;0;0;3;10;0;11;2;7;0;0;1;5;0;1;0;8;4
51;2021-03-08;595;264;331;0;0;1;21;573;0;410;185;389;23;21;8;154;2;79;85;96;333
52;2021-03-09;718;269;449;0;0;0;32;686;0;503;215;449;20;15;6;228;0;138;165;103;312
53;2021-03-10;1055;204;851;0;0;0;37;1018;0;759;296;626;22;20;18;369;0;268;270;124;393
54;2021-03-11;849;186;663;0;0;0;19;830;0;636;213;506;18;18;12;295;1;264;208;114;262
55;2021-03-12;1806;1580;226;0;0;0;30;1776;0;1099;707;1137;35;25;16;592;2;147;109;1263;285
56;2021-03-13;1342;1319;23;0;0;0;6;1336;0;796;546;796;31;19;16;480;0;22;14;1210;96
57;2021-03-14;18;16;2;0;0;0;0;18;0;13;5;15;0;0;0;3;0;6;1;8;3
58;2021-03-15;375;236;139;0;0;0;12;363;0;255;120;206;9;14;7;139;1;101;66;152;55
59;2021-03-16;459;319;140;0;0;0;21;438;0;284;175;265;17;7;9;160;2;97;132;149;79
60;2021-03-17;292;223;69;0;0;0;28;264;0;180;112;176;11;4;2;99;0;46;70;126;50
61;2021-03-18;283;220;62;0;1;0;4;279;0;157;126;176;6;6;9;85;0;42;44;146;51
62;2021-03-19;3552;2285;1266;0;1;1;9;3542;0;2282;1270;2145;91;41;32;1241;5;323;368;1789;1067
63;2021-03-20;3141;1965;1176;0;0;0;3;3138;0;1932;1209;1870;50;40;41;1139;1;53;36;1859;1192
64;2021-03-21;5379;5350;29;0;0;0;0;5379;0;3151;2228;3200;98;56;36;1988;0;11;10;5307;51
65;2021-03-22;559;422;137;0;0;0;7;552;0;342;217;336;16;14;11;182;2;127;155;238;37
66;2021-03-23;431;369;62;0;0;0;6;425;0;256;175;239;11;11;10;159;1;64;43;293;30
67;2021-03-24;1567;1031;536;0;0;1;12;1554;0;1012;555;887;38;38;20;584;34;489;328;600;116
68;2021-03-25;5793;5424;369;0;0;0;19;5774;0;3306;2487;3420;144;93;88;2048;6;245;222;5137;183
69;2021-03-26;6220;3649;2571;0;0;0;16;6204;0;3705;2515;3788;131;101;62;2138;3;120;208;3422;2467
70;2021-03-27;5519;3644;1875;0;0;0;37;5482;0;3283;2236;3249;133;101;54;1980;0;244;239;3177;1859
71;2021-03-28;88;79;9;0;0;0;11;77;0;48;40;43;4;2;4;35;0;7;7;67;7
72;2021-03-29;1072;866;206;0;0;0;28;1044;0;787;285;643;39;31;12;347;4;331;364;297;76
73;2021-03-30;6912;6614;298;0;0;0;2993;3919;0;4072;2840;4174;157;133;84;2362;2;329;379;6056;146
74;2021-03-31;1883;1641;242;0;0;0;681;1202;0;1287;596;1136;65;56;45;581;31;805;330;623;94
75;2021-04-01;1121;837;284;0;0;0;58;1063;0;777;344;677;42;46;31;325;14;397;197;424;89
76;2021-04-02;64;55;9;0;0;0;2;62;0;42;22;32;1;4;1;26;0;8;3;51;2
77;2021-04-03;2591;196;2395;0;0;0;7;2584;0;1525;1066;1545;50;29;29;938;1;31;27;2298;234
78;2021-04-04;13;9;4;0;0;0;2;11;0;9;4;8;0;3;0;2;0;2;2;9;0
79;2021-04-05;826;515;311;0;0;0;22;804;0;546;280;497;37;32;19;240;6;229;162;359;70
80;2021-04-06;746;422;324;0;0;0;27;719;0;477;269;426;28;31;13;248;5;158;148;351;84
81;2021-04-07;473;210;263;0;0;0;24;449;0;278;195;300;14;16;8;135;1;70;71;273;58
82;2021-04-08;462;155;307;0;0;0;22;440;0;265;197;282;11;23;11;135;0;57;56;308;41
83;2021-04-09;1321;523;798;0;0;0;380;941;0;673;648;757;42;22;18;481;3;366;249;619;84
84;2021-04-10;6902;3892;3010;0;0;0;3785;3117;0;4052;2850;4190;141;101;79;2390;2;36;34;6724;106
85;2021-04-11;5133;34;5099;0;0;0;13;5120;0;3024;2109;3022;79;50;37;1944;0;14;9;5079;31
86;2021-04-12;938;534;404;0;0;0;436;502;0;561;377;573;36;22;14;293;10;296;171;439;22
87;2021-04-13;617;431;186;0;0;0;368;249;0;387;230;382;22;14;18;179;5;182;101;319;10
88;2021-04-14;1134;382;752;0;0;0;290;844;0;688;446;666;45;31;26;366;16;306;275;521;16
89;2021-04-15;5704;502;5202;0;0;0;394;5310;0;3281;2423;3348;135;85;84;2052;32;384;259;4988;41
90;2021-04-16;4339;3688;651;0;0;0;3589;750;0;2557;1782;2618;114;92;60;1455;11;286;253;3750;39
91;2021-04-17;6650;297;6353;0;0;1;257;6392;0;3763;2887;4005;151;114;57;2322;11;126;41;6398;74
92;2021-04-18;240;147;93;0;0;0;145;95;0;122;118;138;8;6;0;88;4;20;6;210;0
93;2021-04-19;1571;367;1204;0;0;0;340;1231;0;1105;466;895;37;32;19;588;4;505;517;534;11
94;2021-04-20;4591;3978;613;0;0;0;3937;654;0;2633;1958;2729;118;85;58;1600;6;221;130;4216;18
95;2021-04-21;773;161;612;0;0;0;158;615;0;519;254;443;16;27;11;276;6;322;168;277;0
96;2021-04-22;4603;395;4208;0;0;0;362;4241;0;2653;1950;2785;97;102;63;1555;12;454;256;3845;36
97;2021-04-23;1157;520;637;0;0;0;542;615;0;708;449;665;37;39;30;385;10;241;175;698;33
98;2021-04-24;3837;3630;207;0;0;0;3627;210;0;2143;1694;2272;93;99;53;1320;0;45;43;3743;6
99;2021-04-25;48;29;19;0;0;0;27;21;0;27;21;24;0;3;0;21;0;4;3;41;0
100;2021-04-26;2525;514;2011;0;0;0;1773;752;0;1728;797;1682;115;82;42;604;12;754;804;892;63
101;2021-04-27;1040;329;711;0;0;0;804;236;0;638;402;581;41;45;20;353;2;311;308;413;6
102;2021-04-28;808;266;542;0;0;0;670;138;0;543;265;488;34;32;20;232;4;234;255;297;18
103;2021-04-29;629;271;358;0;0;0;521;108;0;380;249;375;17;17;23;196;3;137;183;295;11
104;2021-04-30;708;232;476;0;0;0;434;274;0;463;245;439;25;25;15;203;5;200;163;328;12
105;2021-05-01;3487;3433;54;0;0;0;3443;44;0;2041;1446;2115;92;70;42;1167;0;32;22;3427;6
106;2021-05-02;3474;3437;37;0;0;0;3441;33;0;1951;1523;2095;106;55;40;1178;0;6;9;3455;4
107;2021-05-03;995;530;465;0;0;0;668;327;0;566;429;564;41;27;23;339;6;207;163;606;13
108;2021-05-04;1135;882;253;0;0;586;390;159;0;652;483;610;16;32;25;452;8;156;154;810;7
109;2021-05-05;1462;1256;206;0;0;962;345;155;0;832;630;838;50;46;22;506;5;144;151;1142;20
110;2021-05-06;4531;4380;151;0;0;1570;2868;93;0;2967;1564;2730;81;79;52;1585;10;1614;1245;1653;9
111;2021-05-07;3388;3164;224;0;0;2323;938;127;0;1938;1450;2054;92;84;43;1112;14;631;481;2245;17
112;2021-05-08;1758;1649;109;0;0;47;1605;106;0;997;761;1084;52;39;25;557;3;173;1178;401;3
113;2021-05-09;21;18;3;0;0;2;16;3;0;13;8;9;0;2;1;9;0;9;9;3;0
114;2021-05-10;2730;2519;211;0;0;277;2277;176;0;1491;1239;1664;81;76;38;871;5;294;2103;325;3
115;2021-05-11;2298;2033;265;0;0;1814;273;211;0;1431;867;1427;73;67;29;702;6;507;1423;344;18
116;2021-05-12;1607;1437;170;0;0;1205;295;107;0;909;698;964;64;54;27;498;3;192;1204;202;6
117;2021-05-13;1397;1252;145;0;0;1129;182;86;0;805;592;844;60;35;22;436;1;181;1008;199;8
118;2021-05-14;4223;4002;221;0;0;3855;184;184;0;2196;2027;2600;150;110;59;1303;6;843;3119;248;7
119;2021-05-15;2920;2842;77;0;1;2045;817;58;0;1500;1420;1918;105;82;59;755;69;1228;1433;185;5
120;2021-05-16;56;42;14;0;0;2;42;12;0;31;25;33;3;2;3;15;2;23;19;12;0
121;2021-05-17;1587;1448;139;0;0;526;953;108;0;817;770;997;61;41;40;447;30;644;742;155;16
122;2021-05-18;1828;1685;143;0;0;674;1050;104;0;951;877;1164;78;71;38;476;34;697;919;157;21
123;2021-05-19;1769;1650;119;0;0;157;1541;71;0;988;781;1079;84;65;46;494;34;657;916;151;11
124;2021-05-20;1567;1410;157;0;0;106;1329;132;0;800;767;936;69;52;32;478;24;633;760;138;12
125;2021-05-21;1846;1715;130;0;1;93;1653;100;0;994;852;1167;71;65;44;498;41;676;980;138;11
126;2021-05-22;448;402;46;0;0;61;361;26;0;251;197;284;13;17;14;120;6;188;211;35;8
127;2021-05-23;166;165;1;0;0;1;164;1;0;90;76;87;7;7;2;63;5;60;86;15;0
128;2021-05-24;1330;1216;114;0;0;71;1207;52;0;724;606;817;60;62;30;360;18;449;710;116;37
129;2021-05-25;1442;1305;137;0;0;139;1242;61;0;784;658;887;63;52;40;400;12;491;780;102;57
130;2021-05-26;2441;2328;113;0;0;88;2317;36;0;1744;697;1503;103;92;56;685;25;1014;1282;73;47
131;2021-05-27;1948;1814;134;0;0;101;1806;41;0;993;955;1090;77;73;35;673;11;544;1255;85;53
132;2021-05-28;4756;4670;86;0;0;80;4646;30;0;3248;1508;2882;215;156;134;1369;80;2138;2446;55;37
133;2021-05-29;4045;3995;50;0;0;137;3895;13;0;2718;1327;2675;232;175;122;841;40;1453;2413;121;18
134;2021-05-30;35;33;2;0;0;3;32;0;0;17;18;15;0;0;1;19;0;22;11;0;2
135;2021-05-31;2266;2198;68;0;0;38;2206;22;0;1221;1045;1288;74;83;48;773;28;1026;1138;46;28
136;2021-06-01;4369;4278;91;0;0;94;4258;17;0;2313;2056;2472;135;110;68;1584;19;1883;2370;51;46
137;2021-06-02;2981;2873;108;0;0;231;2725;25;0;1408;1573;1779;151;94;83;873;113;1435;1349;50;34
138;2021-06-03;746;731;15;0;0;42;701;3;0;424;322;431;26;33;14;242;11;295;414;21;5
139;2021-06-04;1681;1620;61;0;0;1204;462;15;0;1004;677;924;66;55;53;583;11;690;906;56;18
140;2021-06-05;6000;5961;39;0;0;22;5975;3;0;3583;2417;3438;129;150;81;2202;12;278;5617;79;14
141;2021-06-06;477;477;0;0;0;3;473;1;0;268;209;273;12;15;5;171;0;23;448;5;1
142;2021-06-07;3540;3486;54;0;0;61;3446;33;0;1054;2486;2132;109;86;84;1129;10;1252;2213;48;17
143;2021-06-08;5919;5880;39;0;0;59;5841;19;0;2899;3020;3463;166;151;99;2039;18;806;5028;56;11
144;2021-06-09;4413;4381;32;0;0;3564;822;27;0;2276;2137;2521;117;121;87;1567;19;761;3537;86;10
145;2021-06-10;1351;1314;37;0;0;142;1181;28;0;700;651;775;43;56;35;442;13;402;895;34;7
146;2021-06-11;5100;5051;49;0;0;2938;2131;31;0;2813;2287;2901;137;132;75;1854;21;644;4348;76;11
147;2021-06-12;1035;1013;22;0;0;221;804;10;0;585;450;588;36;44;24;343;2;158;845;29;1
148;2021-06-13;45;44;1;0;0;7;38;0;0;20;25;23;0;0;3;19;0;8;36;1;0
149;2021-06-14;1501;1471;30;0;0;113;1360;28;0;763;738;900;59;55;42;444;8;308;1148;37;0
150;2021-06-15;1371;1329;42;0;0;106;1239;26;0;671;700;793;58;51;42;427;11;344;969;42;5
151;2021-06-16;1311;1256;55;0;0;453;785;73;0;677;634;729;57;70;42;413;11;340;908;45;7
152;2021-06-17;637;591;46;0;0;143;424;70;0;311;326;324;19;31;27;236;3;179;435;16;4
153;2021-06-18;507;474;33;0;0;58;365;84;0;252;255;267;13;32;17;178;2;162;323;17;3
154;2021-06-19;5927;5889;38;0;0;4740;133;1054;0;3454;2473;3443;126;163;104;2089;15;825;4999;86;2
155;2021-06-20;102;91;10;1;0;41;54;6;1;48;54;54;7;8;4;29;1;23;70;7;1
156;2021-06-21;1854;1781;73;0;0;1126;154;574;0;1119;735;1093;48;76;56;581;12;480;1307;52;3
157;2021-06-22;3072;518;2552;2;0;258;2712;100;2;1812;1260;1765;70;75;55;1106;2;322;544;2197;7
158;2021-06-23;1039;396;643;0;0;130;804;105;0;652;387;570;29;52;26;360;19;395;400;223;2
159;2021-06-24;472;310;162;0;0;105;287;80;0;267;205;258;19;21;20;154;7;171;230;63;1
160;2021-06-25;4070;3885;160;25;0;630;302;3112;26;2465;1605;2420;130;134;82;1302;31;857;3098;82;2
161;2021-06-26;7512;5066;65;2381;0;4906;109;113;2384;4271;3241;4364;239;237;141;2530;27;790;6566;122;7
162;2021-06-27;37;24;1;12;0;18;6;1;12;17;20;18;0;3;1;15;0;9;27;1;0
163;2021-06-28;1373;596;121;656;0;311;209;196;657;705;668;797;47;47;40;442;11;335;972;54;1
164;2021-06-29;722;569;91;62;0;235;250;174;63;401;321;383;38;22;23;256;3;251;423;44;1
165;2021-06-30;655;504;97;54;0;126;272;203;54;386;269;374;18;42;19;201;5;244;349;57;0
166;2021-07-01;473;383;63;27;0;91;259;95;28;235;238;244;23;27;17;162;0;120;327;26;0
167;2021-07-02;7625;7315;279;31;0;133;7386;71;35;3883;3742;4404;219;237;136;2628;17;567;6967;73;1
168;2021-07-03;9936;6848;3070;18;0;1181;8714;19;22;5479;4457;5927;294;275;187;3251;13;292;6550;3065;16
169;2021-07-04;41;29;8;4;0;10;24;0;7;25;16;22;0;4;2;13;0;13;22;6;0
170;2021-07-05;1493;900;559;34;0;408;979;70;36;883;610;894;59;52;39;449;8;505;636;339;5
171;2021-07-06;14765;4419;299;10045;2;4190;496;31;10048;7813;6952;8529;422;463;276;5070;29;1001;13434;293;8
172;2021-07-07;2271;584;1016;670;1;404;1163;31;673;1240;1031;1226;66;69;51;859;14;678;767;809;3
173;2021-07-08;2134;733;1201;200;0;526;1376;31;201;1175;959;1204;61;62;43;764;15;648;467;1002;2
174;2021-07-09;4289;996;3094;199;0;842;3215;33;199;2305;1984;2436;104;119;56;1574;16;1031;417;2816;9
175;2021-07-10;6291;6071;116;104;0;5623;171;386;111;3277;3014;3760;229;253;140;1908;11;3310;2839;130;1
176;2021-07-11;85;54;7;24;0;17;40;1;27;36;49;51;3;3;2;26;0;53;26;6;0
177;2021-07-12;5422;538;4810;74;0;363;4834;151;74;3138;2284;3184;131;110;67;1930;15;584;363;4453;7
178;2021-07-13;3372;391;2927;54;0;250;2949;119;54;1873;1499;2035;93;79;60;1105;4;397;248;2710;13
179;2021-07-14;1646;366;1242;37;1;273;1241;94;38;897;749;938;46;54;38;569;16;373;225;1027;5
180;2021-07-15;1888;368;1498;22;0;231;1548;87;22;1173;715;1071;44;57;35;679;9;743;416;720;0
181;2021-07-16;9030;7615;1360;55;0;156;8638;181;55;4551;4479;5372;277;333;205;2841;100;6194;1981;751;4
182;2021-07-17;3576;568;2993;15;0;64;2934;563;15;2057;1519;2137;113;100;74;1150;12;714;975;1866;9
183;2021-07-18;73;62;8;3;0;9;49;12;3;41;32;34;2;8;0;29;0;55;14;4;0
184;2021-07-19;2558;660;1880;18;0;68;1915;557;18;1383;1175;1458;80;89;58;873;12;814;1065;664;3
185;2021-07-20;1647;411;1228;8;0;47;1193;399;8;929;718;989;43;57;36;522;4;558;563;518;4
186;2021-07-21;1689;467;1209;13;0;37;1271;368;13;983;706;992;50;71;37;539;9;576;545;553;6
187;2021-07-22;9507;9107;390;10;0;1441;6666;1390;10;4829;4678;5645;465;405;263;2727;65;7662;1533;242;5
188;2021-07-23;3792;960;2817;15;0;115;1597;2065;15;2174;1618;2240;120;122;66;1241;25;1381;1876;508;2
189;2021-07-24;2912;384;2526;2;0;91;2253;566;2;1649;1263;1808;104;90;51;858;21;703;1054;1133;1
190;2021-07-25;65;50;14;1;0;6;47;11;1;29;36;40;1;4;2;18;0;45;12;8;0
191;2021-07-26;1946;332;1602;11;1;43;1440;452;11;1071;875;1158;63;53;42;630;15;593;628;707;3
192;2021-07-27;2134;377;1752;5;0;663;1055;411;5;1224;910;1241;61;73;43;716;19;617;568;926;4
193;2021-07-28;2540;303;2224;13;0;1167;948;412;13;1465;1075;1481;68;67;54;869;22;612;563;1338;5
194;2021-07-29;5072;2778;2291;3;0;1490;999;2580;3;2780;2292;3023;196;214;135;1503;62;2513;1012;1479;6
195;2021-07-30;5086;2011;3072;3;0;3502;1088;493;3;2685;2401;2943;174;182;108;1677;43;2007;1031;2000;5
196;2021-07-31;2094;1153;940;1;0;541;684;868;1;1148;946;1281;88;106;54;564;21;1033;634;402;4
197;2021-08-01;55;34;19;2;0;15;16;22;2;31;24;32;4;3;1;15;0;38;16;1;0
198;2021-08-02;2820;717;2102;1;0;871;1589;359;1;1538;1282;1704;114;98;72;830;25;1142;1190;462;1
199;2021-08-03;8434;7989;444;1;0;6610;281;1542;1;4371;4063;5182;361;356;280;2251;28;7174;1090;139;3
200;2021-08-04;4469;691;3776;2;0;2449;1550;468;2;2624;1845;2766;152;151;93;1307;28;1433;2537;467;4
201;2021-08-05;4440;525;3909;6;0;2527;1584;323;6;2472;1968;2698;123;116;76;1426;23;1388;2677;349;3
202;2021-08-06;7168;6205;961;2;0;5535;428;1203;2;4051;3117;4442;309;380;240;1792;47;5890;1086;142;3
203;2021-08-07;6423;621;5800;2;0;3635;2520;266;2;3851;2572;3997;224;181;109;1911;67;2477;3558;319;2
204;2021-08-08;61;33;28;0;0;20;28;13;0;26;35;36;1;0;4;20;1;43;14;2;1
205;2021-08-09;4175;789;3385;1;0;1426;2518;230;1;2259;1916;2480;150;130;109;1305;46;1899;2009;220;1
206;2021-08-10;12634;12015;615;4;0;7828;4600;202;4;6191;6443;7773;507;607;397;3347;59;11431;1022;120;2
207;2021-08-11;6335;2456;3877;2;0;2487;3568;278;2;3320;3015;3718;282;276;139;1920;53;3778;2328;173;3
208;2021-08-12;6497;5688;803;6;0;5604;703;184;6;3247;3250;3982;322;347;272;1571;32;5683;713;65;4
209;2021-08-13;5729;828;4893;7;1;1140;4380;202;7;3502;2227;3375;195;216;154;1789;65;2404;3032;228;0
210;2021-08-14;10628;10396;232;0;0;8703;183;1742;0;5326;5302;6476;469;575;343;2762;50;10004;521;51;2
211;2021-08-15;129;97;32;0;0;80;27;22;0;61;68;65;7;5;8;43;32;73;23;1;0
212;2021-08-16;5634;788;4844;2;0;617;4484;531;2;2777;2857;3306;217;178;146;1786;44;2126;3224;238;2
213;2021-08-17;5657;5110;525;22;0;2461;339;2835;22;2748;2909;3395;334;403;225;1295;66;5058;478;52;3
214;2021-08-18;8391;7870;520;1;0;6552;871;967;1;4132;4259;5010;364;501;287;2227;67;7804;472;47;1
215;2021-08-19;7253;652;6594;7;0;658;5654;934;7;3906;3347;4316;278;216;158;2285;107;2649;4248;245;4
216;2021-08-20;4288;509;3776;3;0;551;3255;479;3;2400;1888;2534;174;159;116;1304;84;1669;2398;132;5
217;2021-08-21;8689;8467;222;0;0;7333;117;1239;0;4505;4184;5170;377;490;295;2353;195;7984;471;38;1
218;2021-08-22;582;64;518;0;0;64;488;30;0;344;238;343;23;16;17;183;9;185;368;20;0
219;2021-08-23;3555;594;2961;0;0;493;2616;446;0;1911;1644;2100;163;163;119;1010;118;1339;1959;138;1
220;2021-08-24;2967;383;2568;16;0;413;2205;333;16;1573;1394;1724;136;141;83;881;78;1161;1596;131;1
221;2021-08-25;2439;389;2049;1;0;381;1593;464;1;1326;1113;1380;106;116;80;757;74;1155;1134;73;3
222;2021-08-26;12161;11553;603;5;0;6407;379;5370;5;5974;6187;7186;587;722;425;3233;4657;6678;769;52;5
223;2021-08-27;2761;292;2462;7;0;865;1188;701;7;1377;1384;1577;93;105;83;902;143;1275;1248;89;6
224;2021-08-28;6760;602;6157;1;0;679;4376;1704;1;3914;2846;4197;331;332;203;1695;146;2289;3991;331;3
225;2021-08-29;107;59;42;6;0;42;33;26;6;44;63;65;7;6;5;24;14;52;40;1;0
226;2021-08-30;4223;2461;1756;6;0;385;1178;2654;6;2027;2196;2373;257;299;179;1113;689;2287;1167;79;1
227;2021-08-31;3304;232;3063;5;4;404;1943;952;5;1644;1660;1945;130;153;89;987;86;1298;1827;87;6
228;2021-09-01;3619;183;3429;5;2;2198;830;586;5;1937;1682;2039;91;128;69;1292;75;986;2455;98;5
229;2021-09-02;1750;156;1592;2;0;590;746;412;2;905;845;1001;66;88;58;537;65;690;948;45;2
230;2021-09-03;4086;194;3890;2;0;2288;997;799;2;2252;1834;2294;145;164;108;1373;64;1223;2726;71;2
231;2021-09-04;1328;81;1245;0;2;427;585;316;0;692;636;799;45;54;27;403;51;442;808;23;4
232;2021-09-05;38;9;28;0;1;10;22;6;0;17;21;22;0;2;1;13;2;18;16;1;1
233;2021-09-06;1396;106;1279;3;8;472;652;269;3;756;640;808;63;63;36;426;52;461;838;39;6
234;2021-09-07;171;109;61;0;1;24;41;106;0;86;85;86;6;21;10;48;26;106;37;1;1
235;2021-09-08;1777;265;1507;1;4;589;710;477;1;922;855;996;69;106;52;554;81;684;978;32;2
236;2021-09-09;3820;2473;1337;4;6;491;627;2698;4;1935;1885;2138;217;307;176;981;534;2192;1025;66;3
237;2021-09-10;2669;233;2430;2;4;705;1613;349;2;1447;1222;1481;69;104;74;940;86;625;1924;30;4
238;2021-09-11;5432;256;5168;0;8;3000;1605;827;0;3030;2402;3184;113;160;113;1860;141;1230;3994;59;8
239;2021-09-12;1599;1565;33;0;1;1089;15;495;0;1222;377;910;56;66;36;531;1157;360;72;8;2
240;2021-09-13;2605;407;2181;7;10;1453;654;490;8;1515;1090;1508;73;101;63;857;262;825;1475;32;11
241;2021-09-14;2699;329;2355;0;15;844;486;1369;0;1431;1268;1521;125;157;96;796;179;1517;952;38;13
242;2021-09-15;3566;2281;1216;3;66;2557;519;487;3;1756;1810;2218;99;140;81;1028;2093;706;662;43;62
243;2021-09-16;2903;1191;1082;7;623;1955;417;524;7;1616;1287;1734;102;113;81;872;455;1139;642;57;610
244;2021-09-17;3844;2592;990;1;261;3226;338;279;1;1824;2020;2301;140;192;104;1107;1684;1131;782;70;177
245;2021-09-18;5100;150;4882;0;68;3395;670;1035;0;2881;2219;3188;171;160;133;1446;60;1488;3444;52;56
246;2021-09-19;202;7;194;0;1;11;181;10;0;94;108;115;5;11;13;58;6;121;73;2;0
247;2021-09-20;3005;850;1777;1;377;1999;521;484;1;1600;1405;1779;156;148;81;840;458;1023;1134;75;315
248;2021-09-21;4022;810;2715;1;496;3072;562;387;1;2123;1899;2418;100;160;101;1241;404;1717;1419;95;387
249;2021-09-22;3101;683;2069;0;349;2266;456;379;0;1672;1429;1871;117;128;81;903;354;1176;1228;66;277
250;2021-09-23;4474;977;3046;6;445;1678;608;2182;6;2324;2150;2717;240;242;150;1125;995;1824;1219;103;333
251;2021-09-24;7137;408;6459;0;270;1848;4329;960;0;3778;3359;4345;296;316;199;1981;466;3277;3067;93;234
252;2021-09-25;5868;320;3619;0;1929;3253;2093;522;0;3193;2675;3722;208;186;122;1629;269;1159;2706;183;1551
253;2021-09-26;256;7;241;0;8;114;109;33;0;145;111;164;2;6;4;80;11;116;121;4;4
254;2021-09-27;5366;1012;3605;0;749;2306;1472;1588;0;2848;2518;3217;227;303;186;1431;769;2125;1764;107;601
255;2021-09-28;5959;1091;4287;2;579;3559;1197;1201;2;3119;2840;3699;225;283;168;1584;682;2619;2092;108;458
256;2021-09-29;5086;1770;2867;0;449;3165;916;1004;1;3104;1982;3089;197;241;152;1405;1409;1801;1477;82;317
257;2021-09-30;5159;873;3829;5;452;1940;2473;741;5;2671;2488;3231;203;230;144;1348;576;2951;1183;142;307
258;2021-10-01;4230;681;3098;3;448;2410;1126;691;3;2266;1964;2655;164;178;104;1125;424;2395;1001;153;257
259;2021-10-02;7030;1518;4716;0;796;4476;1452;1102;0;3545;3485;4441;318;331;206;1732;1104;2822;2317;440;347
260;2021-10-03;1367;297;818;0;252;898;275;194;0;673;694;888;34;52;35;358;220;582;323;170;72
261;2021-10-04;3198;706;1941;4;547;1999;651;544;4;1575;1623;1952;153;157;80;855;397;1550;763;299;189
262;2021-10-05;4330;638;3118;0;574;3171;583;576;0;2149;2181;2708;140;175;102;1204;384;2727;710;289;220
263;2021-10-06;3261;415;2202;0;644;2218;471;572;0;1692;1569;1946;128;139;100;947;109;1994;591;388;179
264;2021-10-07;4157;88;3140;0;929;2728;466;963;0;2190;1967;2474;163;205;124;1190;247;2482;571;670;187
265;2021-10-08;3619;102;2623;1;893;2347;879;392;1;1914;1705;2202;104;121;80;1112;137;2160;581;579;162
266;2021-10-09;6045;47;2848;0;3150;5260;525;260;0;3620;2425;3984;114;183;88;1676;77;3161;1582;993;232
267;2021-10-10;28;3;19;0;6;16;8;4;0;20;8;13;1;3;1;10;0;20;6;2;0
268;2021-10-11;4444;46;2063;7;2328;3669;430;338;7;2502;1942;2776;121;112;80;1355;102;1929;633;1640;140
269;2021-10-12;44;5;27;0;12;30;10;4;0;19;25;28;2;2;1;11;4;26;7;7;0
270;2021-10-13;5371;92;3001;10;2268;4509;503;348;11;2888;2483;3291;147;165;112;1655;103;2781;629;1687;171
271;2021-10-14;5292;100;3185;3;2004;3935;968;386;3;2858;2434;3251;210;205;126;1499;101;3015;716;1334;126
272;2021-10-15;4378;81;2284;3;2010;3490;580;305;3;2436;1942;2659;152;160;106;1299;99;2126;582;1450;121
273;2021-10-16;3797;64;2344;0;1389;3032;425;340;0;2155;1642;2382;113;147;73;1082;113;2132;512;952;88
274;2021-10-17;48;6;34;0;8;31;13;4;0;25;23;31;0;4;1;12;2;34;10;2;0
275;2021-10-18;1266;80;961;1;224;555;452;258;1;637;629;749;45;70;44;358;74;825;204;143;20
276;2021-10-19;6730;96;3603;0;3031;5193;1273;264;0;3712;3018;4174;215;199;148;1992;109;3568;728;2204;121
277;2021-10-20;4483;87;2780;0;1616;3332;902;249;0;2388;2095;2737;157;172;111;1306;122;2454;424;1378;105
278;2021-10-21;4477;180;3066;0;1231;3555;567;355;0;2432;2045;2802;159;160;102;1254;800;2163;384;1026;104
279;2021-10-22;7708;2789;2481;2;2436;6898;520;288;2;4126;3582;4915;306;384;215;1887;2143;2873;820;1744;128
280;2021-10-23;6260;1338;2376;0;2546;5512;483;265;0;3450;2810;4168;234;261;155;1439;988;2532;677;1893;170
281;2021-10-24;260;8;151;0;101;188;52;20;0;157;103;163;4;7;6;80;13;154;46;44;3
282;2021-10-25;3046;118;1652;2;1274;2378;327;338;3;1687;1359;1921;130;119;88;787;204;1496;464;808;74
283;2021-10-26;3913;253;2406;2;1252;3058;350;501;4;2142;1771;2505;202;195;121;887;229;2284;570;747;83
284;2021-10-27;3362;532;1787;2;1041;2243;344;772;3;1822;1540;2019;166;212;108;854;216;1951;544;561;90
285;2021-10-28;3085;466;1591;2;1026;2131;252;700;2;1738;1347;1919;176;178;88;722;183;1801;506;488;107
286;2021-10-29;2685;268;1593;1;823;2045;207;431;2;1503;1182;1707;138;142;87;608;123;1636;493;377;56
287;2021-10-30;2826;294;1972;3;557;1841;372;609;4;1506;1320;1821;153;170;110;571;135;1886;420;346;39
288;2021-10-31;124;25;72;0;27;81;17;26;0;69;55;68;5;8;9;34;4;85;20;13;2
289;2021-11-01;476;74;320;0;82;309;66;101;0;257;219;299;17;25;22;113;37;298;79;54;8
290;2021-11-02;38;5;23;0;10;29;8;1;0;21;17;19;2;5;4;8;11;14;5;6;2
291;2021-11-03;3213;336;2114;0;763;2175;430;608;0;1706;1507;2034;175;197;98;708;176;2048;484;442;63
292;2021-11-04;3122;291;2018;1;812;2394;262;465;1;1687;1435;1928;190;199;134;670;172;1966;379;534;71
293;2021-11-05;2884;288;1657;0;939;2203;260;421;0;1582;1302;1817;128;143;89;707;177;1660;424;538;85
294;2021-11-06;2233;147;1630;0;456;1822;154;257;0;1155;1078;1464;109;145;82;432;115;1517;237;325;39
295;2021-11-07;25;1;15;0;9;20;4;1;0;11;14;17;1;0;0;7;3;15;3;4;0
296;2021-11-08;2475;256;1642;0;577;1913;192;370;0;1380;1095;1532;110;145;92;596;326;1440;342;313;54
297;2021-11-09;2453;274;1717;0;462;1828;215;410;0;1350;1103;1545;144;196;82;485;275;1562;294;282;40
298;2021-11-10;6093;3720;1871;0;502;5666;206;221;0;3190;2903;4061;292;330;204;1204;3902;1511;327;299;54
299;2021-11-11;5188;2857;1852;0;479;4733;203;252;0;2776;2412;3391;261;304;202;1027;3029;1474;345;287;53
300;2021-11-12;2215;82;1677;0;456;1861;175;179;0;1161;1054;1370;84;133;74;553;485;1174;257;236;63
301;2021-11-13;2485;34;2175;0;276;2133;175;177;0;1210;1275;1525;130;168;96;565;249;1750;290;167;29
302;2021-11-14;24;1;20;0;3;12;10;2;0;15;9;15;0;3;0;6;6;14;3;1;0
303;2021-11-15;274;4;231;1;38;234;19;20;1;140;134;160;17;12;12;73;62;162;30;18;2
304;2021-11-16;2284;78;1757;0;449;1926;149;209;0;1164;1120;1393;107;145;92;545;425;1283;272;262;42
305;2021-11-17;3428;1166;1737;0;525;3042;172;214;0;1797;1631;2189;146;205;139;749;1201;1499;382;279;67
306;2021-11-18;2244;474;1458;2;310;2015;95;132;2;1105;1139;1430;93;146;93;481;729;1081;260;152;22
307;2021-11-19;2447;540;1377;0;530;2133;146;168;0;1282;1165;1540;111;132;98;564;654;1145;275;317;56
308;2021-11-20;2831;590;1557;0;684;2506;145;180;0;1499;1332;1819;140;166;114;588;655;1394;362;381;39
309;2021-11-21;30;5;19;0;6;27;0;3;0;13;17;19;0;1;1;9;4;16;7;2;1
310;2021-11-22;2232;389;1122;0;721;1967;112;153;0;1173;1059;1399;98;128;47;559;449;992;256;479;56
311;2021-11-23;2102;357;1198;0;547;1817;96;189;0;1112;990;1318;97;141;99;446;544;930;244;345;39
312;2021-11-24;255;42;154;0;59;186;28;41;0;118;137;135;9;11;19;81;60;136;33;19;7
313;2021-11-25;1934;306;1237;0;391;1452;94;388;0;1082;852;1206;105;120;73;428;575;882;232;216;29
314;2021-11-26;1762;256;1045;0;461;1372;88;302;0;949;813;1041;103;125;64;429;536;728;253;219;26
315;2021-11-27;1514;227;1013;0;274;1222;41;251;0;758;756;1010;64;101;50;287;596;549;210;141;18
316;2021-11-28;3;0;1;0;2;3;0;0;0;1;2;0;0;0;0;3;0;2;0;1;0
317;2021-11-29;1562;257;946;0;359;1218;53;291;0;820;742;969;65;109;55;362;534;613;199;188;28
318;2021-11-30;1799;328;1005;0;466;1423;72;304;0;922;877;1130;93;115;74;386;581;695;246;250;27
319;2021-12-01;1574;254;885;0;435;1202;63;309;0;842;732;958;87;106;58;364;446;634;226;243;25
320;2021-12-02;154;15;96;0;43;114;12;28;0;85;69;80;7;17;11;39;27;81;23;21;2
321;2021-12-03;223;40;109;0;74;181;7;35;0;121;102;126;12;10;7;68;42;116;25;40;0
322;2021-12-04;1267;215;654;0;398;1112;37;118;0;660;607;790;66;71;57;282;275;499;171;313;9
323;2021-12-05;18;1;6;0;11;16;2;0;0;9;9;10;0;3;0;5;3;7;5;3;0
324;2021-12-06;1827;263;778;0;786;1568;68;191;0;983;844;1168;80;96;46;437;359;628;225;602;13
325;2021-12-07;1852;229;738;0;885;1581;80;191;0;981;871;1128;62;115;52;495;334;614;216;665;23
326;2021-12-08;1839;298;818;1;722;1626;35;177;1;982;857;1102;102;99;72;464;492;589;194;556;8
327;2021-12-09;135;29;67;0;39;104;12;17;2;68;67;80;9;9;10;27;33;67;13;19;3
328;2021-12-10;811;145;575;4;87;637;39;102;33;401;410;472;26;64;28;221;328;323;115;42;3
329;2021-12-11;3036;980;2035;0;21;2444;154;430;8;1576;1460;1851;187;281;152;563;926;1592;471;45;2
330;2021-12-12;44;10;19;0;15;24;2;9;9;16;28;19;2;3;0;20;10;24;10;0;0
331;2021-12-13;796;179;478;2;137;608;28;93;67;371;425;459;47;50;27;213;264;334;134;61;3
332;2021-12-14;851;152;492;1;206;660;29;92;70;419;432;456;55;51;32;257;272;329;174;75;1
333;2021-12-15;662;148;390;0;124;502;32;81;47;336;326;380;28;47;28;179;188;302;110;60;2
334;2021-12-16;638;124;369;1;144;486;28;58;66;330;308;379;26;43;15;175;187;262;135;53;1
335;2021-12-17;1399;142;1085;3;169;1256;24;73;46;679;720;791;55;87;48;417;759;406;157;75;2
336;2021-12-18;677;76;583;0;18;619;16;36;6;333;344;409;26;39;22;181;365;225;76;11;0
337;2021-12-19;58;5;36;0;17;49;1;7;1;23;35;37;5;1;2;13;17;34;3;4;0
338;2021-12-20;821;133;555;0;133;722;38;50;11;390;431;476;38;53;17;236;374;278;116;51;2
339;2021-12-21;635;72;317;0;246;531;15;53;36;328;307;339;29;34;20;213;196;232;139;68;0
340;2021-12-22;277;12;57;0;208;229;6;18;24;144;133;161;5;9;8;93;30;107;89;49;2
341;2021-12-23;257;13;61;0;183;216;13;10;18;130;127;136;7;13;5;96;24;107;88;37;1
342;2021-12-24;6;0;1;0;5;4;1;0;1;2;4;2;1;1;0;2;0;3;3;0;0
343;2021-12-26;2;0;0;0;2;2;0;0;0;1;1;2;0;0;0;0;0;2;0;0;0
344;2021-12-27;462;16;43;0;403;419;9;16;18;231;231;261;17;18;10;156;21;136;197;106;2
345;2021-12-28;241;16;36;1;188;203;11;8;19;125;116;148;6;3;6;77;15;105;81;39;1
346;2021-12-29;198;11;26;0;161;178;5;6;9;107;91;116;14;10;4;54;20;83;68;26;1
347;2021-12-30;121;9;22;1;89;110;3;3;5;70;51;73;4;5;3;36;9;45;49;18;0
348;2021-12-31;10;0;0;0;10;10;0;0;0;6;4;6;0;1;0;3;0;2;7;1;0
349;2022-01-02;3;0;0;0;3;3;0;0;0;2;1;2;0;0;0;1;0;2;1;0;0
350;2022-01-03;268;17;41;1;209;229;10;10;19;134;134;141;6;18;7;96;26;108;93;41;0
351;2022-01-04;358;16;35;0;307;320;8;15;15;182;176;197;14;11;15;121;18;145;139;56;0
352;2022-01-05;293;10;52;1;230;266;9;8;10;144;149;172;8;12;8;93;40;89;130;31;3
353;2022-01-06;362;14;69;0;279;311;9;19;23;196;166;199;11;17;19;116;43;114;152;52;1
354;2022-01-07;283;16;53;0;214;237;11;18;17;142;141;174;10;17;11;71;36;103;103;39;2
355;2022-01-08;1672;72;323;0;1277;1525;20;33;94;938;734;1103;51;69;28;421;232;422;778;238;2
356;2022-01-09;9;1;0;0;8;7;0;0;2;5;4;8;0;0;0;1;0;5;4;0;0
357;2022-01-10;3686;131;536;2;3017;3466;19;63;138;2085;1601;2379;165;126;88;927;447;722;1933;575;9
358;2022-01-11;3477;120;469;2;2886;3283;26;55;113;1905;1572;2197;163;119;59;938;372;759;1859;478;9
359;2022-01-12;2957;102;567;0;2288;2770;17;44;126;1582;1375;1826;122;127;74;808;429;679;1479;359;11
360;2022-01-13;2651;131;509;1;2010;2463;26;69;93;1467;1184;1644;147;108;79;672;377;656;1255;353;10
361;2022-01-14;614;18;65;0;531;568;6;11;29;343;271;403;36;20;11;143;47;130;338;99;0
